id;section_id;section_name;order_index;json_schema
1;except demobilise;upsell unfit;10279;../fake-data/blob/hipster.txt
2;absent;pity an deer;21661;../fake-data/blob/hipster.txt
3;wrathful once;what;26836;../fake-data/blob/hipster.txt
4;and singing;yuck armoire whose;3184;../fake-data/blob/hipster.txt
5;dislocate bony;prime;13353;../fake-data/blob/hipster.txt
6;rapidly fondly unfreeze;hungry grouper;17493;../fake-data/blob/hipster.txt
7;overcoat joyous;insignificant recent unaccountably;32658;../fake-data/blob/hipster.txt
8;after second;wherever er;30641;../fake-data/blob/hipster.txt
9;musty huzzah;burgeon;9489;../fake-data/blob/hipster.txt
10;gah and;regal lovingly;7784;../fake-data/blob/hipster.txt
