id;guid;note;created_by;created_date;last_modified_by;last_modified_date;record_status_id
1;actually under;incidentally;sonata;2024-11-20T00:50:17;per gadzooks;2024-11-20T01:36:36;16786
2;sew;whose;often louse;2024-11-20T00:50:20;creator;2024-11-20T12:46:24;6210
3;thoughtfully challenge;waver;overwork though;2024-11-19T20:26:55;tremendously brr;2024-11-19T20:13:44;6661
4;across even ragged;awesome ack phew;pulse;2024-11-19T17:41:13;amid aha whoa;2024-11-20T01:36:05;8353
5;round bare shudder;and pulverize;yuck draw gah;2024-11-19T19:58:57;surprisingly absent;2024-11-20T11:39:29;23616
6;yahoo ouch;jumbo hateful;noted;2024-11-19T17:07:31;gratefully;2024-11-20T11:19:39;5028
7;past;ha average;limp mathematics alongside;2024-11-19T14:10:23;geez about of;2024-11-20T07:46:56;9796
8;square;knife oh between;aftermath at;2024-11-20T01:40:24;yearn nifty populist;2024-11-19T22:45:20;24853
9;beneath bravely when;ouch obediently;notwithstanding down;2024-11-19T21:35:19;low along;2024-11-19T23:11:23;24261
10;eminent quickly for;concerned anenst lobster;unknown yum;2024-11-19T17:42:41;enfold quick-witted the;2024-11-20T06:24:53;11340
